batch_size,best_val_acc,best_val_loss,epochs_finetune,epochs_head,freq_mask_max,gaussian_noise_std,history,last_train_acc,last_val_acc,lr_finetune,lr_head,num_freq_masks,num_time_masks,pitch_shift_max,score,time_mask_max,time_shift_max,use_class_weights,weight_decay_finetune,weight_decay_head
16,0.7747252747252747,0.5410820003598928,10,5,6,0.01,"[{'phase': 'head', 'epoch': 1, 'train_loss': 1.5952929708192933, 'train_acc': 0.25737898465171194, 'val_loss': 1.484590858221054, 'val_acc': 0.3791208791208791}, {'phase': 'head', 'epoch': 2, 'train_loss': 1.4893074530475545, 'train_acc': 0.3707201889020071, 'val_loss': 1.411620984474818, 'val_acc': 0.32967032967032966}, {'phase': 'head', 'epoch': 3, 'train_loss': 1.4603499376548912, 'train_acc': 0.3754427390791027, 'val_loss': 1.3503152430057526, 'val_acc': 0.45054945054945056}, {'phase': 'head', 'epoch': 4, 'train_loss': 1.4021592252659347, 'train_acc': 0.41440377804014167, 'val_loss': 1.44526802500089, 'val_acc': 0.3021978021978022}, {'phase': 'head', 'epoch': 5, 'train_loss': 1.3778376601776987, 'train_acc': 0.42739079102715466, 'val_loss': 1.2572055757045746, 'val_acc': 0.532967032967033}, {'phase': 'finetune', 'epoch': 1, 'train_loss': 1.2548124452806868, 'train_acc': 0.5088547815820543, 'val_loss': 0.9564917907118797, 'val_acc': 0.5659340659340659}, {'phase': 'finetune', 'epoch': 2, 'train_loss': 1.0685698255053107, 'train_acc': 0.5808736717827627, 'val_loss': 0.7615657498439153, 'val_acc': 0.7252747252747253}, {'phase': 'finetune', 'epoch': 3, 'train_loss': 0.9872838348712561, 'train_acc': 0.6328217237308147, 'val_loss': 0.7902234743038813, 'val_acc': 0.6978021978021978}, {'phase': 'finetune', 'epoch': 4, 'train_loss': 0.8890297851472531, 'train_acc': 0.6694214876033058, 'val_loss': 0.7460407465696335, 'val_acc': 0.7087912087912088}, {'phase': 'finetune', 'epoch': 5, 'train_loss': 0.8156176529965311, 'train_acc': 0.6942148760330579, 'val_loss': 0.7461698080102602, 'val_acc': 0.7087912087912088}, {'phase': 'finetune', 'epoch': 6, 'train_loss': 0.7830812453099016, 'train_acc': 0.7119244391971665, 'val_loss': 0.7697632163763046, 'val_acc': 0.6813186813186813}, {'phase': 'finetune', 'epoch': 7, 'train_loss': 0.7618110545401303, 'train_acc': 0.693034238488784, 'val_loss': 0.7766388207674026, 'val_acc': 0.7032967032967034}, {'phase': 'finetune', 'epoch': 8, 'train_loss': 0.7402657860854887, 'train_acc': 0.7249114521841794, 'val_loss': 0.6850182861089706, 'val_acc': 0.7307692307692307}, {'phase': 'finetune', 'epoch': 9, 'train_loss': 0.6893843522049347, 'train_acc': 0.7343565525383707, 'val_loss': 0.7076577028880516, 'val_acc': 0.7307692307692307}, {'phase': 'finetune', 'epoch': 10, 'train_loss': 0.6944850143396629, 'train_acc': 0.7485242030696576, 'val_loss': 0.5410820003598928, 'val_acc': 0.7747252747252747}]",0.7485242030696576,0.7747252747252747,0.0001,0.0005,2,2,4,0.7747252747252747,25,12,True,0.0,0.0001
32,0.7802197802197802,0.7049457530180613,10,5,10,0.01,"[{'phase': 'head', 'epoch': 1, 'train_loss': 1.6274227522037648, 'train_acc': 0.2715466351829988, 'val_loss': 1.6526065270105998, 'val_acc': 0.21978021978021978}, {'phase': 'head', 'epoch': 2, 'train_loss': 1.5052125056584675, 'train_acc': 0.32113341204250295, 'val_loss': 1.4070470531781514, 'val_acc': 0.4010989010989011}, {'phase': 'head', 'epoch': 3, 'train_loss': 1.414595400845563, 'train_acc': 0.42739079102715466, 'val_loss': 1.2740340034166973, 'val_acc': 0.5274725274725275}, {'phase': 'head', 'epoch': 4, 'train_loss': 1.3798433674706354, 'train_acc': 0.43919716646989376, 'val_loss': 1.260425905386607, 'val_acc': 0.4945054945054945}, {'phase': 'head', 'epoch': 5, 'train_loss': 1.3218574435622603, 'train_acc': 0.46989374262101535, 'val_loss': 1.2580683827400208, 'val_acc': 0.4945054945054945}, {'phase': 'finetune', 'epoch': 1, 'train_loss': 1.1984874539905124, 'train_acc': 0.5171192443919717, 'val_loss': 0.9006036619345347, 'val_acc': 0.6153846153846154}, {'phase': 'finetune', 'epoch': 2, 'train_loss': 1.0209127929475572, 'train_acc': 0.6245572609208973, 'val_loss': 0.8717570106188456, 'val_acc': 0.7142857142857143}, {'phase': 'finetune', 'epoch': 3, 'train_loss': 0.8978016111585829, 'train_acc': 0.6587957497048406, 'val_loss': 0.7478369325399399, 'val_acc': 0.7032967032967034}, {'phase': 'finetune', 'epoch': 4, 'train_loss': 0.8259635126149213, 'train_acc': 0.7001180637544274, 'val_loss': 0.8217272857824961, 'val_acc': 0.7032967032967034}, {'phase': 'finetune', 'epoch': 5, 'train_loss': 0.7821466944835804, 'train_acc': 0.7001180637544274, 'val_loss': 0.8130420098702112, 'val_acc': 0.6813186813186813}, {'phase': 'finetune', 'epoch': 6, 'train_loss': 0.7547182286227191, 'train_acc': 0.7237308146399055, 'val_loss': 0.7421673734982809, 'val_acc': 0.7307692307692307}, {'phase': 'finetune', 'epoch': 7, 'train_loss': 0.6929614312118955, 'train_acc': 0.7237308146399055, 'val_loss': 0.7049457530180613, 'val_acc': 0.7802197802197802}, {'phase': 'finetune', 'epoch': 8, 'train_loss': 0.6663306046415258, 'train_acc': 0.7603305785123967, 'val_loss': 0.7559733241796494, 'val_acc': 0.7802197802197802}, {'phase': 'finetune', 'epoch': 9, 'train_loss': 0.6141092711024814, 'train_acc': 0.743801652892562, 'val_loss': 0.7892603178819021, 'val_acc': 0.7032967032967034}, {'phase': 'finetune', 'epoch': 10, 'train_loss': 0.5547627365147626, 'train_acc': 0.7922077922077922, 'val_loss': 0.9885022938251495, 'val_acc': 0.7362637362637363}]",0.7922077922077922,0.7362637362637363,0.0001,0.001,2,1,4,0.7802197802197802,15,8,True,0.0001,0.0
32,0.8186813186813187,0.5509648422400156,15,8,6,0.01,"[{'phase': 'head', 'epoch': 1, 'train_loss': 1.684260990884569, 'train_acc': 0.21251475796930341, 'val_loss': 1.6610403259595234, 'val_acc': 0.25824175824175827}, {'phase': 'head', 'epoch': 2, 'train_loss': 1.570057339138455, 'train_acc': 0.27863046044864226, 'val_loss': 1.4803812503814697, 'val_acc': 0.46153846153846156}, {'phase': 'head', 'epoch': 3, 'train_loss': 1.5144736987573129, 'train_acc': 0.3234946871310508, 'val_loss': 1.4316362341245015, 'val_acc': 0.4945054945054945}, {'phase': 'head', 'epoch': 4, 'train_loss': 1.4562023259975292, 'train_acc': 0.3778040141676505, 'val_loss': 1.359532395998637, 'val_acc': 0.44505494505494503}, {'phase': 'head', 'epoch': 5, 'train_loss': 1.4209903787683558, 'train_acc': 0.3872491145218418, 'val_loss': 1.2974470257759094, 'val_acc': 0.46703296703296704}, {'phase': 'head', 'epoch': 6, 'train_loss': 1.3835272921456232, 'train_acc': 0.43683589138134593, 'val_loss': 1.2634957432746887, 'val_acc': 0.45604395604395603}, {'phase': 'head', 'epoch': 7, 'train_loss': 1.362126972940233, 'train_acc': 0.4757969303423849, 'val_loss': 1.2423099279403687, 'val_acc': 0.4340659340659341}, {'phase': 'head', 'epoch': 8, 'train_loss': 1.3077132525267425, 'train_acc': 0.4734356552538371, 'val_loss': 1.2040162682533264, 'val_acc': 0.4725274725274725}, {'phase': 'finetune', 'epoch': 1, 'train_loss': 1.206925798345495, 'train_acc': 0.5289256198347108, 'val_loss': 0.9906799495220184, 'val_acc': 0.5659340659340659}, {'phase': 'finetune', 'epoch': 2, 'train_loss': 1.076235020602191, 'train_acc': 0.577331759149941, 'val_loss': 0.9292525152365366, 'val_acc': 0.6593406593406593}, {'phase': 'finetune', 'epoch': 3, 'train_loss': 0.9730733699268765, 'train_acc': 0.6292798110979929, 'val_loss': 0.8466370701789856, 'val_acc': 0.6428571428571429}, {'phase': 'finetune', 'epoch': 4, 'train_loss': 0.8977308295391224, 'train_acc': 0.6576151121605667, 'val_loss': 0.8184900283813477, 'val_acc': 0.6648351648351648}, {'phase': 'finetune', 'epoch': 5, 'train_loss': 0.8672178785006205, 'train_acc': 0.6623376623376623, 'val_loss': 0.7712408502896627, 'val_acc': 0.6978021978021978}, {'phase': 'finetune', 'epoch': 6, 'train_loss': 0.8065303122555768, 'train_acc': 0.6776859504132231, 'val_loss': 0.7443491617838541, 'val_acc': 0.7087912087912088}, {'phase': 'finetune', 'epoch': 7, 'train_loss': 0.7839345512566743, 'train_acc': 0.6965761511216056, 'val_loss': 0.7269456585248312, 'val_acc': 0.7032967032967034}, {'phase': 'finetune', 'epoch': 8, 'train_loss': 0.6870984435081482, 'train_acc': 0.7296340023612751, 'val_loss': 0.7108100851376852, 'val_acc': 0.7032967032967034}, {'phase': 'finetune', 'epoch': 9, 'train_loss': 0.6687289443280962, 'train_acc': 0.7402597402597403, 'val_loss': 0.6338876436154047, 'val_acc': 0.7527472527472527}, {'phase': 'finetune', 'epoch': 10, 'train_loss': 0.6638765202628242, 'train_acc': 0.7272727272727273, 'val_loss': 0.6519270241260529, 'val_acc': 0.7747252747252747}, {'phase': 'finetune', 'epoch': 11, 'train_loss': 0.6206561282829002, 'train_acc': 0.7733175914994097, 'val_loss': 0.5950547854105631, 'val_acc': 0.7802197802197802}, {'phase': 'finetune', 'epoch': 12, 'train_loss': 0.6326752580978252, 'train_acc': 0.7650531286894924, 'val_loss': 0.5509648422400156, 'val_acc': 0.7967032967032966}, {'phase': 'finetune', 'epoch': 13, 'train_loss': 0.5589046721105222, 'train_acc': 0.7874852420306966, 'val_loss': 0.6056996782620748, 'val_acc': 0.8186813186813187}, {'phase': 'finetune', 'epoch': 14, 'train_loss': 0.5626769330766466, 'train_acc': 0.7910271546635183, 'val_loss': 0.5700440555810928, 'val_acc': 0.7912087912087912}, {'phase': 'finetune', 'epoch': 15, 'train_loss': 0.484607450388096, 'train_acc': 0.820543093270366, 'val_loss': 0.5540281534194946, 'val_acc': 0.7747252747252747}]",0.820543093270366,0.7747252747252747,5e-05,0.0005,2,1,2,0.8186813186813187,15,12,True,0.0,0.0
32,0.7912087912087912,0.5197062989075979,10,8,6,0.0,"[{'phase': 'head', 'epoch': 1, 'train_loss': 1.64797576268514, 'train_acc': 0.21723730814639905, 'val_loss': 1.647488534450531, 'val_acc': 0.17032967032967034}, {'phase': 'head', 'epoch': 2, 'train_loss': 1.489956714488842, 'train_acc': 0.3600944510035419, 'val_loss': 1.4319596489270527, 'val_acc': 0.3021978021978022}, {'phase': 'head', 'epoch': 3, 'train_loss': 1.3736495795073334, 'train_acc': 0.41440377804014167, 'val_loss': 1.2756131490071614, 'val_acc': 0.43956043956043955}, {'phase': 'head', 'epoch': 4, 'train_loss': 1.338887298548663, 'train_acc': 0.4557260920897285, 'val_loss': 1.224988063176473, 'val_acc': 0.47802197802197804}, {'phase': 'head', 'epoch': 5, 'train_loss': 1.28159291655929, 'train_acc': 0.48288075560802834, 'val_loss': 1.1800530354181926, 'val_acc': 0.5604395604395604}, {'phase': 'head', 'epoch': 6, 'train_loss': 1.2321590494226526, 'train_acc': 0.4935064935064935, 'val_loss': 1.1711270014444988, 'val_acc': 0.45604395604395603}, {'phase': 'head', 'epoch': 7, 'train_loss': 1.2428683837254841, 'train_acc': 0.49940968122786306, 'val_loss': 1.1298121611277263, 'val_acc': 0.5494505494505495}, {'phase': 'head', 'epoch': 8, 'train_loss': 1.2037857461858679, 'train_acc': 0.5242030696576151, 'val_loss': 1.0857105950514476, 'val_acc': 0.5604395604395604}, {'phase': 'finetune', 'epoch': 1, 'train_loss': 1.1731769133497167, 'train_acc': 0.5301062573789846, 'val_loss': 1.0132186512152355, 'val_acc': 0.6758241758241759}, {'phase': 'finetune', 'epoch': 2, 'train_loss': 1.0050943273085136, 'train_acc': 0.6292798110979929, 'val_loss': 0.8011159598827362, 'val_acc': 0.6758241758241759}, {'phase': 'finetune', 'epoch': 3, 'train_loss': 0.9271824161211649, 'train_acc': 0.6493506493506493, 'val_loss': 0.8044722477595011, 'val_acc': 0.7252747252747253}, {'phase': 'finetune', 'epoch': 4, 'train_loss': 0.8186549720940767, 'train_acc': 0.6788665879574971, 'val_loss': 0.6919156461954117, 'val_acc': 0.6868131868131868}, {'phase': 'finetune', 'epoch': 5, 'train_loss': 0.7734650693557881, 'train_acc': 0.7036599763872491, 'val_loss': 0.6905494928359985, 'val_acc': 0.7417582417582418}, {'phase': 'finetune', 'epoch': 6, 'train_loss': 0.7354646888044145, 'train_acc': 0.7166469893742621, 'val_loss': 0.6727102299531301, 'val_acc': 0.7362637362637363}, {'phase': 'finetune', 'epoch': 7, 'train_loss': 0.7189571471125992, 'train_acc': 0.730814639905549, 'val_loss': 0.6159090995788574, 'val_acc': 0.7747252747252747}, {'phase': 'finetune', 'epoch': 8, 'train_loss': 0.6714878104351185, 'train_acc': 0.7260920897284534, 'val_loss': 0.5853755424420038, 'val_acc': 0.7307692307692307}, {'phase': 'finetune', 'epoch': 9, 'train_loss': 0.5911434866763927, 'train_acc': 0.7780401416765053, 'val_loss': 0.547735407948494, 'val_acc': 0.7637362637362637}, {'phase': 'finetune', 'epoch': 10, 'train_loss': 0.5530554906085685, 'train_acc': 0.7886658795749705, 'val_loss': 0.5197062989075979, 'val_acc': 0.7912087912087912}]",0.7886658795749705,0.7912087912087912,0.0001,0.001,2,2,2,0.7912087912087912,25,12,True,0.0001,0.0
32,0.8406593406593407,0.4271732916434606,15,5,6,0.0,"[{'phase': 'head', 'epoch': 1, 'train_loss': 1.596460183461507, 'train_acc': 0.2833530106257379, 'val_loss': 1.5844593048095703, 'val_acc': 0.3131868131868132}, {'phase': 'head', 'epoch': 2, 'train_loss': 1.551559774963944, 'train_acc': 0.2809917355371901, 'val_loss': 1.4892953832944233, 'val_acc': 0.2802197802197802}, {'phase': 'head', 'epoch': 3, 'train_loss': 1.4410005278057523, 'train_acc': 0.3884297520661157, 'val_loss': 1.364444653193156, 'val_acc': 0.5}, {'phase': 'head', 'epoch': 4, 'train_loss': 1.3989453536492806, 'train_acc': 0.45336481700118064, 'val_loss': 1.2953738768895466, 'val_acc': 0.4835164835164835}, {'phase': 'head', 'epoch': 5, 'train_loss': 1.3597232191650956, 'train_acc': 0.4722550177095632, 'val_loss': 1.2320735851923625, 'val_acc': 0.521978021978022}, {'phase': 'finetune', 'epoch': 1, 'train_loss': 1.1985096512017426, 'train_acc': 0.5171192443919717, 'val_loss': 0.9695749282836914, 'val_acc': 0.6263736263736264}, {'phase': 'finetune', 'epoch': 2, 'train_loss': 0.9508983691533407, 'train_acc': 0.6292798110979929, 'val_loss': 0.8157623608907064, 'val_acc': 0.6758241758241759}, {'phase': 'finetune', 'epoch': 3, 'train_loss': 0.8985784230408845, 'train_acc': 0.6694214876033058, 'val_loss': 0.8167226513226827, 'val_acc': 0.6593406593406593}, {'phase': 'finetune', 'epoch': 4, 'train_loss': 0.8216520614094205, 'train_acc': 0.6776859504132231, 'val_loss': 0.6863940606514612, 'val_acc': 0.6978021978021978}, {'phase': 'finetune', 'epoch': 5, 'train_loss': 0.7425971770728076, 'train_acc': 0.7119244391971665, 'val_loss': 0.6423167586326599, 'val_acc': 0.7692307692307693}, {'phase': 'finetune', 'epoch': 6, 'train_loss': 0.6353324475111785, 'train_acc': 0.743801652892562, 'val_loss': 0.6869409133990606, 'val_acc': 0.7637362637362637}, {'phase': 'finetune', 'epoch': 7, 'train_loss': 0.6739381783538394, 'train_acc': 0.7414403778040142, 'val_loss': 0.6721762716770172, 'val_acc': 0.7472527472527473}, {'phase': 'finetune', 'epoch': 8, 'train_loss': 0.6112177681039881, 'train_acc': 0.7721369539551358, 'val_loss': 0.5933348735173544, 'val_acc': 0.7637362637362637}, {'phase': 'finetune', 'epoch': 9, 'train_loss': 0.5667119721571604, 'train_acc': 0.7744982290436836, 'val_loss': 0.5622561325629553, 'val_acc': 0.7417582417582418}, {'phase': 'finetune', 'epoch': 10, 'train_loss': 0.4915147959082215, 'train_acc': 0.8240850059031877, 'val_loss': 0.4701426103711128, 'val_acc': 0.8186813186813187}, {'phase': 'finetune', 'epoch': 11, 'train_loss': 0.4408869450842893, 'train_acc': 0.8358913813459268, 'val_loss': 0.47818830609321594, 'val_acc': 0.8351648351648352}, {'phase': 'finetune', 'epoch': 12, 'train_loss': 0.4656729455347414, 'train_acc': 0.8276269185360094, 'val_loss': 0.45844946304957074, 'val_acc': 0.8406593406593407}, {'phase': 'finetune', 'epoch': 13, 'train_loss': 0.4767005581546713, 'train_acc': 0.8252656434474617, 'val_loss': 0.5052962327996889, 'val_acc': 0.7692307692307693}, {'phase': 'finetune', 'epoch': 14, 'train_loss': 0.42476569060926084, 'train_acc': 0.8240850059031877, 'val_loss': 0.48455976943175, 'val_acc': 0.8351648351648352}, {'phase': 'finetune', 'epoch': 15, 'train_loss': 0.42570482691129047, 'train_acc': 0.8512396694214877, 'val_loss': 0.4271732916434606, 'val_acc': 0.8406593406593407}]",0.8512396694214877,0.8406593406593407,0.0001,0.0005,2,1,4,0.8406593406593407,25,8,True,0.0001,0.0
16,0.8021978021978022,0.5191469707836708,15,8,6,0.0,"[{'phase': 'head', 'epoch': 1, 'train_loss': 1.6023891511953101, 'train_acc': 0.29279811097992914, 'val_loss': 1.4562796354293823, 'val_acc': 0.4010989010989011}, {'phase': 'head', 'epoch': 2, 'train_loss': 1.460120383298622, 'train_acc': 0.3955135773317591, 'val_loss': 1.3223958611488342, 'val_acc': 0.3791208791208791}, {'phase': 'head', 'epoch': 3, 'train_loss': 1.3978956847820643, 'train_acc': 0.41440377804014167, 'val_loss': 1.2555065800746281, 'val_acc': 0.5054945054945055}, {'phase': 'head', 'epoch': 4, 'train_loss': 1.313298856312374, 'train_acc': 0.47107438016528924, 'val_loss': 1.2545868555704753, 'val_acc': 0.47802197802197804}, {'phase': 'head', 'epoch': 5, 'train_loss': 1.280290203274421, 'train_acc': 0.48406139315230223, 'val_loss': 1.1566167771816254, 'val_acc': 0.4835164835164835}, {'phase': 'head', 'epoch': 6, 'train_loss': 1.2580677720735658, 'train_acc': 0.4970484061393152, 'val_loss': 1.108559583624204, 'val_acc': 0.554945054945055}, {'phase': 'head', 'epoch': 7, 'train_loss': 1.2253477067317602, 'train_acc': 0.5076741440377804, 'val_loss': 1.1533782879511516, 'val_acc': 0.5054945054945055}, {'phase': 'head', 'epoch': 8, 'train_loss': 1.2499162498510108, 'train_acc': 0.5041322314049587, 'val_loss': 1.1036062290271123, 'val_acc': 0.6208791208791209}, {'phase': 'finetune', 'epoch': 1, 'train_loss': 1.1359848931150616, 'train_acc': 0.5938606847697757, 'val_loss': 0.9593327790498734, 'val_acc': 0.6373626373626373}, {'phase': 'finetune', 'epoch': 2, 'train_loss': 1.0367434339703254, 'train_acc': 0.5950413223140496, 'val_loss': 0.9370355357726415, 'val_acc': 0.5879120879120879}, {'phase': 'finetune', 'epoch': 3, 'train_loss': 0.9646404441797508, 'train_acc': 0.6399055489964581, 'val_loss': 0.7686631083488464, 'val_acc': 0.6758241758241759}, {'phase': 'finetune', 'epoch': 4, 'train_loss': 0.9405204282616669, 'train_acc': 0.6481700118063755, 'val_loss': 0.7647003307938576, 'val_acc': 0.7197802197802198}, {'phase': 'finetune', 'epoch': 5, 'train_loss': 0.8471802079452658, 'train_acc': 0.6765053128689492, 'val_loss': 0.6957621822754542, 'val_acc': 0.7197802197802198}, {'phase': 'finetune', 'epoch': 6, 'train_loss': 0.7776115148697259, 'train_acc': 0.7142857142857143, 'val_loss': 0.7018223119278749, 'val_acc': 0.7582417582417582}, {'phase': 'finetune', 'epoch': 7, 'train_loss': 0.7458164618825013, 'train_acc': 0.731995277449823, 'val_loss': 0.7230740437904993, 'val_acc': 0.6978021978021978}, {'phase': 'finetune', 'epoch': 8, 'train_loss': 0.7475014745064501, 'train_acc': 0.7154663518299882, 'val_loss': 0.6640222780406475, 'val_acc': 0.7692307692307693}, {'phase': 'finetune', 'epoch': 9, 'train_loss': 0.7269922348688234, 'train_acc': 0.7331759149940968, 'val_loss': 0.5390614879628023, 'val_acc': 0.8021978021978022}, {'phase': 'finetune', 'epoch': 10, 'train_loss': 0.6720789766536569, 'train_acc': 0.7567886658795749, 'val_loss': 0.5467955047885577, 'val_acc': 0.7912087912087912}, {'phase': 'finetune', 'epoch': 11, 'train_loss': 0.6788657656255758, 'train_acc': 0.7485242030696576, 'val_loss': 0.6351382148762544, 'val_acc': 0.7472527472527473}, {'phase': 'finetune', 'epoch': 12, 'train_loss': 0.6327004320216629, 'train_acc': 0.7733175914994097, 'val_loss': 0.5191469707836708, 'val_acc': 0.7967032967032966}, {'phase': 'finetune', 'epoch': 13, 'train_loss': 0.6109232177149575, 'train_acc': 0.7603305785123967, 'val_loss': 0.5674328121046225, 'val_acc': 0.7637362637362637}, {'phase': 'finetune', 'epoch': 14, 'train_loss': 0.5991519608025281, 'train_acc': 0.7768595041322314, 'val_loss': 0.6122989157835642, 'val_acc': 0.7582417582417582}, {'phase': 'finetune', 'epoch': 15, 'train_loss': 0.5736025858600184, 'train_acc': 0.7851239669421488, 'val_loss': 0.5770502189795176, 'val_acc': 0.7472527472527473}]",0.7851239669421488,0.7472527472527473,5e-05,0.001,2,2,2,0.8021978021978022,25,12,True,0.0001,0.0001
16,0.8131868131868132,0.47500022624929744,15,5,6,0.0,"[{'phase': 'head', 'epoch': 1, 'train_loss': 1.5843883550392006, 'train_acc': 0.32231404958677684, 'val_loss': 1.4929339090983074, 'val_acc': 0.38461538461538464}, {'phase': 'head', 'epoch': 2, 'train_loss': 1.3862265123511261, 'train_acc': 0.4297520661157025, 'val_loss': 1.265929604570071, 'val_acc': 0.4340659340659341}, {'phase': 'head', 'epoch': 3, 'train_loss': 1.3624813736609693, 'train_acc': 0.44510035419126326, 'val_loss': 1.1690741628408432, 'val_acc': 0.510989010989011}, {'phase': 'head', 'epoch': 4, 'train_loss': 1.3277779345242482, 'train_acc': 0.45218417945690675, 'val_loss': 1.126144250233968, 'val_acc': 0.6098901098901099}, {'phase': 'head', 'epoch': 5, 'train_loss': 1.3328259362364716, 'train_acc': 0.4604486422668241, 'val_loss': 1.1148016154766083, 'val_acc': 0.5824175824175825}, {'phase': 'finetune', 'epoch': 1, 'train_loss': 1.2143173656373654, 'train_acc': 0.5242030696576151, 'val_loss': 0.9806942095359167, 'val_acc': 0.6153846153846154}, {'phase': 'finetune', 'epoch': 2, 'train_loss': 1.0267283714042519, 'train_acc': 0.5997638724911453, 'val_loss': 0.8804465730985006, 'val_acc': 0.6593406593406593}, {'phase': 'finetune', 'epoch': 3, 'train_loss': 0.9711316565297684, 'train_acc': 0.6375442739079102, 'val_loss': 0.7923427720864614, 'val_acc': 0.6538461538461539}, {'phase': 'finetune', 'epoch': 4, 'train_loss': 0.8584942126049185, 'train_acc': 0.6623376623376623, 'val_loss': 0.7637547925114632, 'val_acc': 0.7087912087912088}, {'phase': 'finetune', 'epoch': 5, 'train_loss': 0.831892191801431, 'train_acc': 0.6953955135773318, 'val_loss': 0.8093379760781924, 'val_acc': 0.6648351648351648}, {'phase': 'finetune', 'epoch': 6, 'train_loss': 0.8455064054929985, 'train_acc': 0.6682408500590319, 'val_loss': 0.6805716926852862, 'val_acc': 0.7197802197802198}, {'phase': 'finetune', 'epoch': 7, 'train_loss': 0.7888679808040835, 'train_acc': 0.7107438016528925, 'val_loss': 0.69981632878383, 'val_acc': 0.7087912087912088}, {'phase': 'finetune', 'epoch': 8, 'train_loss': 0.7407160165174952, 'train_acc': 0.7024793388429752, 'val_loss': 0.6594750223060449, 'val_acc': 0.7582417582417582}, {'phase': 'finetune', 'epoch': 9, 'train_loss': 0.7020930445419168, 'train_acc': 0.7237308146399055, 'val_loss': 0.6778623933593432, 'val_acc': 0.7142857142857143}, {'phase': 'finetune', 'epoch': 10, 'train_loss': 0.6689018134800893, 'train_acc': 0.7497048406139315, 'val_loss': 0.6011368681987127, 'val_acc': 0.7472527472527473}, {'phase': 'finetune', 'epoch': 11, 'train_loss': 0.6363879090772485, 'train_acc': 0.755608028335301, 'val_loss': 0.5174616935352484, 'val_acc': 0.8076923076923077}, {'phase': 'finetune', 'epoch': 12, 'train_loss': 0.6141213785927251, 'train_acc': 0.768595041322314, 'val_loss': 0.47500022624929744, 'val_acc': 0.8076923076923077}, {'phase': 'finetune', 'epoch': 13, 'train_loss': 0.568069577498256, 'train_acc': 0.7910271546635183, 'val_loss': 0.5397621020674706, 'val_acc': 0.8076923076923077}, {'phase': 'finetune', 'epoch': 14, 'train_loss': 0.5987340552064607, 'train_acc': 0.7709563164108618, 'val_loss': 0.48690109699964523, 'val_acc': 0.8131868131868132}, {'phase': 'finetune', 'epoch': 15, 'train_loss': 0.6171483726433988, 'train_acc': 0.7756788665879575, 'val_loss': 0.49399362318217754, 'val_acc': 0.7967032967032966}]",0.7756788665879575,0.7967032967032966,5e-05,0.001,2,2,2,0.8131868131868132,25,12,True,0.0001,0.0001
32,0.8131868131868132,0.5821420152982076,10,8,6,0.01,"[{'phase': 'head', 'epoch': 1, 'train_loss': 1.610676094337746, 'train_acc': 0.2892561983471074, 'val_loss': 1.7516746520996094, 'val_acc': 0.1043956043956044}, {'phase': 'head', 'epoch': 2, 'train_loss': 1.4464238573003698, 'train_acc': 0.38961038961038963, 'val_loss': 1.5026286244392395, 'val_acc': 0.3076923076923077}, {'phase': 'head', 'epoch': 3, 'train_loss': 1.351892281461645, 'train_acc': 0.4592680047225502, 'val_loss': 1.4098997513453166, 'val_acc': 0.3516483516483517}, {'phase': 'head', 'epoch': 4, 'train_loss': 1.3358533161657828, 'train_acc': 0.4639905548996458, 'val_loss': 1.2642823259035747, 'val_acc': 0.4010989010989011}, {'phase': 'head', 'epoch': 5, 'train_loss': 1.2978186298299719, 'train_acc': 0.4793388429752066, 'val_loss': 1.1676854491233826, 'val_acc': 0.4945054945054945}, {'phase': 'head', 'epoch': 6, 'train_loss': 1.2320196319509436, 'train_acc': 0.5053128689492326, 'val_loss': 1.162470281124115, 'val_acc': 0.5604395604395604}, {'phase': 'head', 'epoch': 7, 'train_loss': 1.2282268449112221, 'train_acc': 0.5182998819362455, 'val_loss': 1.1571791470050812, 'val_acc': 0.510989010989011}, {'phase': 'head', 'epoch': 8, 'train_loss': 1.2059547989456743, 'train_acc': 0.5442739079102715, 'val_loss': 1.1013078093528748, 'val_acc': 0.5}, {'phase': 'finetune', 'epoch': 1, 'train_loss': 1.1353113651275635, 'train_acc': 0.5301062573789846, 'val_loss': 0.9038117329279581, 'val_acc': 0.6868131868131868}, {'phase': 'finetune', 'epoch': 2, 'train_loss': 0.9874184418607641, 'train_acc': 0.6269185360094451, 'val_loss': 0.8814350863297781, 'val_acc': 0.7032967032967034}, {'phase': 'finetune', 'epoch': 3, 'train_loss': 0.9126854715523897, 'train_acc': 0.6399055489964581, 'val_loss': 0.7620761692523956, 'val_acc': 0.7472527472527473}, {'phase': 'finetune', 'epoch': 4, 'train_loss': 0.840631593156744, 'train_acc': 0.6646989374262101, 'val_loss': 0.6982804040114085, 'val_acc': 0.7912087912087912}, {'phase': 'finetune', 'epoch': 5, 'train_loss': 0.7739775798938893, 'train_acc': 0.7083825265643447, 'val_loss': 0.6507048557202021, 'val_acc': 0.8021978021978022}, {'phase': 'finetune', 'epoch': 6, 'train_loss': 0.7037934616759971, 'train_acc': 0.730814639905549, 'val_loss': 0.6368618110815684, 'val_acc': 0.8021978021978022}, {'phase': 'finetune', 'epoch': 7, 'train_loss': 0.727410227060318, 'train_acc': 0.7225501770956316, 'val_loss': 0.641281396150589, 'val_acc': 0.8076923076923077}, {'phase': 'finetune', 'epoch': 8, 'train_loss': 0.652226346510428, 'train_acc': 0.7532467532467533, 'val_loss': 0.5821420152982076, 'val_acc': 0.8131868131868132}, {'phase': 'finetune', 'epoch': 9, 'train_loss': 0.6335211252724683, 'train_acc': 0.7662337662337663, 'val_loss': 0.6233683874209722, 'val_acc': 0.8021978021978022}, {'phase': 'finetune', 'epoch': 10, 'train_loss': 0.616899984854239, 'train_acc': 0.7827626918536009, 'val_loss': 0.6313485403855642, 'val_acc': 0.7967032967032966}]",0.7827626918536009,0.7967032967032966,5e-05,0.001,1,2,2,0.8131868131868132,15,8,True,0.0,0.0
32,0.8406593406593407,0.5458384851614634,10,8,10,0.01,"[{'phase': 'head', 'epoch': 1, 'train_loss': 1.6344202315365826, 'train_acc': 0.24439197166469895, 'val_loss': 1.651464859644572, 'val_acc': 0.16483516483516483}, {'phase': 'head', 'epoch': 2, 'train_loss': 1.527379526032342, 'train_acc': 0.345926800472255, 'val_loss': 1.4824365774790447, 'val_acc': 0.3131868131868132}, {'phase': 'head', 'epoch': 3, 'train_loss': 1.4741458936973855, 'train_acc': 0.3742621015348288, 'val_loss': 1.445825497309367, 'val_acc': 0.33516483516483514}, {'phase': 'head', 'epoch': 4, 'train_loss': 1.447804164003443, 'train_acc': 0.3825265643447462, 'val_loss': 1.3052942951520283, 'val_acc': 0.46153846153846156}, {'phase': 'head', 'epoch': 5, 'train_loss': 1.3655430520022358, 'train_acc': 0.45690672963400236, 'val_loss': 1.2624771197636921, 'val_acc': 0.5164835164835165}, {'phase': 'head', 'epoch': 6, 'train_loss': 1.3383737360989605, 'train_acc': 0.4970484061393152, 'val_loss': 1.2090760270754497, 'val_acc': 0.5274725274725275}, {'phase': 'head', 'epoch': 7, 'train_loss': 1.3250408569971721, 'train_acc': 0.45808736717827625, 'val_loss': 1.218357264995575, 'val_acc': 0.5274725274725275}, {'phase': 'head', 'epoch': 8, 'train_loss': 1.2811201016108196, 'train_acc': 0.4982290436835891, 'val_loss': 1.1766780217488606, 'val_acc': 0.4725274725274725}, {'phase': 'finetune', 'epoch': 1, 'train_loss': 1.1741245609742623, 'train_acc': 0.5348288075560803, 'val_loss': 0.9423272609710693, 'val_acc': 0.5934065934065934}, {'phase': 'finetune', 'epoch': 2, 'train_loss': 1.046506764712157, 'train_acc': 0.5974025974025974, 'val_loss': 0.8287286957105001, 'val_acc': 0.6538461538461539}, {'phase': 'finetune', 'epoch': 3, 'train_loss': 0.896547774473826, 'train_acc': 0.6646989374262101, 'val_loss': 0.7703971763451894, 'val_acc': 0.6428571428571429}, {'phase': 'finetune', 'epoch': 4, 'train_loss': 0.834123518731859, 'train_acc': 0.6694214876033058, 'val_loss': 0.7278834879398346, 'val_acc': 0.6923076923076923}, {'phase': 'finetune', 'epoch': 5, 'train_loss': 0.7936981850200229, 'train_acc': 0.7119244391971665, 'val_loss': 0.6983435899019241, 'val_acc': 0.7307692307692307}, {'phase': 'finetune', 'epoch': 6, 'train_loss': 0.728826019499037, 'train_acc': 0.7367178276269185, 'val_loss': 0.6414067695538203, 'val_acc': 0.7912087912087912}, {'phase': 'finetune', 'epoch': 7, 'train_loss': 0.6756436041107884, 'train_acc': 0.7449822904368358, 'val_loss': 0.6048382570346197, 'val_acc': 0.7967032967032966}, {'phase': 'finetune', 'epoch': 8, 'train_loss': 0.6343224688812539, 'train_acc': 0.7721369539551358, 'val_loss': 0.619617814819018, 'val_acc': 0.7747252747252747}, {'phase': 'finetune', 'epoch': 9, 'train_loss': 0.6148294144206576, 'train_acc': 0.7697756788665879, 'val_loss': 0.5458384851614634, 'val_acc': 0.8406593406593407}, {'phase': 'finetune', 'epoch': 10, 'train_loss': 0.5707711742983924, 'train_acc': 0.79456906729634, 'val_loss': 0.5734266390403112, 'val_acc': 0.8186813186813187}]",0.79456906729634,0.8186813186813187,5e-05,0.0005,1,1,2,0.8406593406593407,25,12,True,0.0001,0.0
32,0.8791208791208791,0.39394427587588626,15,5,6,0.01,"[{'phase': 'head', 'epoch': 1, 'train_loss': 1.5858692019074052, 'train_acc': 0.28807556080283353, 'val_loss': 1.5913885434468586, 'val_acc': 0.2967032967032967}, {'phase': 'head', 'epoch': 2, 'train_loss': 1.4612539962485984, 'train_acc': 0.36481700118063753, 'val_loss': 1.4922135472297668, 'val_acc': 0.5604395604395604}, {'phase': 'head', 'epoch': 3, 'train_loss': 1.3852260598429926, 'train_acc': 0.4179456906729634, 'val_loss': 1.3496056000391643, 'val_acc': 0.4945054945054945}, {'phase': 'head', 'epoch': 4, 'train_loss': 1.333843293013396, 'train_acc': 0.45690672963400236, 'val_loss': 1.2361748019854228, 'val_acc': 0.5384615384615384}, {'phase': 'head', 'epoch': 5, 'train_loss': 1.2982629625885576, 'train_acc': 0.4769775678866588, 'val_loss': 1.1740488807360332, 'val_acc': 0.5879120879120879}, {'phase': 'finetune', 'epoch': 1, 'train_loss': 1.187475069805428, 'train_acc': 0.512396694214876, 'val_loss': 1.0621593693892162, 'val_acc': 0.5934065934065934}, {'phase': 'finetune', 'epoch': 2, 'train_loss': 1.0360424540661, 'train_acc': 0.6044864226682408, 'val_loss': 0.8581480185190836, 'val_acc': 0.6758241758241759}, {'phase': 'finetune', 'epoch': 3, 'train_loss': 0.8993638422754076, 'train_acc': 0.6528925619834711, 'val_loss': 0.9249411026636759, 'val_acc': 0.6703296703296703}, {'phase': 'finetune', 'epoch': 4, 'train_loss': 0.82565560164275, 'train_acc': 0.6788665879574971, 'val_loss': 0.7210690180460612, 'val_acc': 0.7417582417582418}, {'phase': 'finetune', 'epoch': 5, 'train_loss': 0.801168852382236, 'train_acc': 0.693034238488784, 'val_loss': 0.605840802192688, 'val_acc': 0.7692307692307693}, {'phase': 'finetune', 'epoch': 6, 'train_loss': 0.7122486620037644, 'train_acc': 0.7166469893742621, 'val_loss': 0.6338752259810766, 'val_acc': 0.7307692307692307}, {'phase': 'finetune', 'epoch': 7, 'train_loss': 0.7132798753402851, 'train_acc': 0.717827626918536, 'val_loss': 0.5317458659410477, 'val_acc': 0.8021978021978022}, {'phase': 'finetune', 'epoch': 8, 'train_loss': 0.6460303211653674, 'train_acc': 0.7591499409681228, 'val_loss': 0.5550411492586136, 'val_acc': 0.7967032967032966}, {'phase': 'finetune', 'epoch': 9, 'train_loss': 0.5870713083832352, 'train_acc': 0.7780401416765053, 'val_loss': 0.5568653444449106, 'val_acc': 0.7857142857142857}, {'phase': 'finetune', 'epoch': 10, 'train_loss': 0.5548478100034926, 'train_acc': 0.7709563164108618, 'val_loss': 0.4959658607840538, 'val_acc': 0.8571428571428571}, {'phase': 'finetune', 'epoch': 11, 'train_loss': 0.5405170189009773, 'train_acc': 0.7957497048406139, 'val_loss': 0.5854990233977636, 'val_acc': 0.8296703296703297}, {'phase': 'finetune', 'epoch': 12, 'train_loss': 0.5567889290827291, 'train_acc': 0.7804014167650531, 'val_loss': 0.5301935970783234, 'val_acc': 0.8241758241758241}, {'phase': 'finetune', 'epoch': 13, 'train_loss': 0.4910524906935515, 'train_acc': 0.8110979929161747, 'val_loss': 0.48752745737632114, 'val_acc': 0.8351648351648352}, {'phase': 'finetune', 'epoch': 14, 'train_loss': 0.45651137442500506, 'train_acc': 0.8122786304604487, 'val_loss': 0.5035230020682017, 'val_acc': 0.8076923076923077}, {'phase': 'finetune', 'epoch': 15, 'train_loss': 0.5055208426934702, 'train_acc': 0.7969303423848878, 'val_loss': 0.39394427587588626, 'val_acc': 0.8791208791208791}]",0.7969303423848878,0.8791208791208791,0.0001,0.001,2,1,4,0.8791208791208791,25,8,True,0.0001,0.0001
16,0.8406593406593407,0.5204546358436346,10,5,10,0.0,"[{'phase': 'head', 'epoch': 1, 'train_loss': 1.6861219248681698, 'train_acc': 0.1936245572609209, 'val_loss': 1.5039685368537903, 'val_acc': 0.33516483516483514}, {'phase': 'head', 'epoch': 2, 'train_loss': 1.5275673506394871, 'train_acc': 0.3565525383707202, 'val_loss': 1.4077196915944417, 'val_acc': 0.3516483516483517}, {'phase': 'head', 'epoch': 3, 'train_loss': 1.4382708545001048, 'train_acc': 0.3990554899645809, 'val_loss': 1.3169451554616292, 'val_acc': 0.45054945054945056}, {'phase': 'head', 'epoch': 4, 'train_loss': 1.3647362511113006, 'train_acc': 0.4592680047225502, 'val_loss': 1.2680150667826335, 'val_acc': 0.4835164835164835}, {'phase': 'head', 'epoch': 5, 'train_loss': 1.3494692028693434, 'train_acc': 0.45808736717827625, 'val_loss': 1.2207170873880386, 'val_acc': 0.5164835164835165}, {'phase': 'finetune', 'epoch': 1, 'train_loss': 1.2095211328200575, 'train_acc': 0.5029515938606848, 'val_loss': 0.9346636186043421, 'val_acc': 0.6318681318681318}, {'phase': 'finetune', 'epoch': 2, 'train_loss': 1.0634651184082031, 'train_acc': 0.58913813459268, 'val_loss': 0.8613195816675822, 'val_acc': 0.6648351648351648}, {'phase': 'finetune', 'epoch': 3, 'train_loss': 0.9789065313789079, 'train_acc': 0.628099173553719, 'val_loss': 0.7471713398893675, 'val_acc': 0.7087912087912088}, {'phase': 'finetune', 'epoch': 4, 'train_loss': 0.860109066625811, 'train_acc': 0.6682408500590319, 'val_loss': 0.670327772696813, 'val_acc': 0.7527472527472527}, {'phase': 'finetune', 'epoch': 5, 'train_loss': 0.8060433504716406, 'train_acc': 0.6953955135773318, 'val_loss': 0.646497055888176, 'val_acc': 0.7307692307692307}, {'phase': 'finetune', 'epoch': 6, 'train_loss': 0.7880460901080437, 'train_acc': 0.693034238488784, 'val_loss': 0.6272587142884731, 'val_acc': 0.7637362637362637}, {'phase': 'finetune', 'epoch': 7, 'train_loss': 0.7128318548202515, 'train_acc': 0.7296340023612751, 'val_loss': 0.6465923388799032, 'val_acc': 0.7087912087912088}, {'phase': 'finetune', 'epoch': 8, 'train_loss': 0.6789013417261951, 'train_acc': 0.7331759149940968, 'val_loss': 0.5420497121910254, 'val_acc': 0.8076923076923077}, {'phase': 'finetune', 'epoch': 9, 'train_loss': 0.6700145427910786, 'train_acc': 0.7449822904368358, 'val_loss': 0.5204546358436346, 'val_acc': 0.8406593406593407}, {'phase': 'finetune', 'epoch': 10, 'train_loss': 0.5838321807249537, 'train_acc': 0.7851239669421488, 'val_loss': 0.5388202120860418, 'val_acc': 0.8296703296703297}]",0.7851239669421488,0.8296703296703297,5e-05,0.0005,2,1,2,0.8406593406593407,15,8,True,0.0,0.0
16,0.8351648351648352,0.4940388770774007,15,8,10,0.01,"[{'phase': 'head', 'epoch': 1, 'train_loss': 1.6437548691371702, 'train_acc': 0.2644628099173554, 'val_loss': 1.7189451654752095, 'val_acc': 0.23076923076923078}, {'phase': 'head', 'epoch': 2, 'train_loss': 1.5136478172158294, 'train_acc': 0.3435655253837072, 'val_loss': 1.434374342362086, 'val_acc': 0.34615384615384615}, {'phase': 'head', 'epoch': 3, 'train_loss': 1.4363676669462673, 'train_acc': 0.42384887839433294, 'val_loss': 1.375012735525767, 'val_acc': 0.3791208791208791}, {'phase': 'head', 'epoch': 4, 'train_loss': 1.3984282331646614, 'train_acc': 0.4214876033057851, 'val_loss': 1.2933156689008076, 'val_acc': 0.4725274725274725}, {'phase': 'head', 'epoch': 5, 'train_loss': 1.3564769816848468, 'train_acc': 0.45218417945690675, 'val_loss': 1.259571522474289, 'val_acc': 0.45604395604395603}, {'phase': 'head', 'epoch': 6, 'train_loss': 1.3197756027275662, 'train_acc': 0.4805194805194805, 'val_loss': 1.2048764129479725, 'val_acc': 0.4725274725274725}, {'phase': 'head', 'epoch': 7, 'train_loss': 1.295141026658832, 'train_acc': 0.4899645808736718, 'val_loss': 1.1536228607098262, 'val_acc': 0.4945054945054945}, {'phase': 'head', 'epoch': 8, 'train_loss': 1.2348626312219873, 'train_acc': 0.5041322314049587, 'val_loss': 1.1093202133973439, 'val_acc': 0.5989010989010989}, {'phase': 'finetune', 'epoch': 1, 'train_loss': 1.1493761798120894, 'train_acc': 0.5548996458087367, 'val_loss': 0.8704557865858078, 'val_acc': 0.6703296703296703}, {'phase': 'finetune', 'epoch': 2, 'train_loss': 0.9461413132694533, 'train_acc': 0.6328217237308147, 'val_loss': 0.8291700383027395, 'val_acc': 0.6428571428571429}, {'phase': 'finetune', 'epoch': 3, 'train_loss': 0.8094964983328333, 'train_acc': 0.6776859504132231, 'val_loss': 0.8195349052548409, 'val_acc': 0.6593406593406593}, {'phase': 'finetune', 'epoch': 4, 'train_loss': 0.7465019822120667, 'train_acc': 0.7201889020070839, 'val_loss': 0.7392415578166643, 'val_acc': 0.6923076923076923}, {'phase': 'finetune', 'epoch': 5, 'train_loss': 0.6933865921114976, 'train_acc': 0.7473435655253837, 'val_loss': 0.7935328309734663, 'val_acc': 0.7252747252747253}, {'phase': 'finetune', 'epoch': 6, 'train_loss': 0.7026191679936535, 'train_acc': 0.7272727272727273, 'val_loss': 0.7011656599740187, 'val_acc': 0.7967032967032966}, {'phase': 'finetune', 'epoch': 7, 'train_loss': 0.5498341501883741, 'train_acc': 0.7910271546635183, 'val_loss': 0.7333097246785959, 'val_acc': 0.7692307692307693}, {'phase': 'finetune', 'epoch': 8, 'train_loss': 0.5881743613841399, 'train_acc': 0.7697756788665879, 'val_loss': 0.6204560920596123, 'val_acc': 0.7472527472527473}, {'phase': 'finetune', 'epoch': 9, 'train_loss': 0.5306140190025546, 'train_acc': 0.7933884297520661, 'val_loss': 0.6650170423090458, 'val_acc': 0.7582417582417582}, {'phase': 'finetune', 'epoch': 10, 'train_loss': 0.4958510407299366, 'train_acc': 0.8311688311688312, 'val_loss': 0.6953263903657595, 'val_acc': 0.7802197802197802}, {'phase': 'finetune', 'epoch': 11, 'train_loss': 0.4525680266461282, 'train_acc': 0.8229043683589138, 'val_loss': 0.5320478025823832, 'val_acc': 0.8296703296703297}, {'phase': 'finetune', 'epoch': 12, 'train_loss': 0.4339918430964902, 'train_acc': 0.8370720188902007, 'val_loss': 0.5494375415146351, 'val_acc': 0.7747252747252747}, {'phase': 'finetune', 'epoch': 13, 'train_loss': 0.39871368655618633, 'train_acc': 0.8524203069657615, 'val_loss': 0.4940388770774007, 'val_acc': 0.8296703296703297}, {'phase': 'finetune', 'epoch': 14, 'train_loss': 0.42435606161378464, 'train_acc': 0.8476977567886659, 'val_loss': 0.5922986588751277, 'val_acc': 0.8351648351648352}, {'phase': 'finetune', 'epoch': 15, 'train_loss': 0.3916258071109934, 'train_acc': 0.8500590318772137, 'val_loss': 0.5312470444478095, 'val_acc': 0.8351648351648352}]",0.8500590318772137,0.8351648351648352,0.0001,0.0005,1,1,4,0.8351648351648352,15,8,True,0.0001,0.0
16,0.8131868131868132,0.5910730150838693,10,5,6,0.0,"[{'phase': 'head', 'epoch': 1, 'train_loss': 1.6544527557660949, 'train_acc': 0.2255017709563164, 'val_loss': 1.520789384841919, 'val_acc': 0.2967032967032967}, {'phase': 'head', 'epoch': 2, 'train_loss': 1.5212983905144457, 'train_acc': 0.35182998819362454, 'val_loss': 1.359979013601939, 'val_acc': 0.42857142857142855}, {'phase': 'head', 'epoch': 3, 'train_loss': 1.4332934775442447, 'train_acc': 0.39433293978748524, 'val_loss': 1.285792887210846, 'val_acc': 0.43956043956043955}, {'phase': 'head', 'epoch': 4, 'train_loss': 1.3448026000328783, 'train_acc': 0.4769775678866588, 'val_loss': 1.2126267204682033, 'val_acc': 0.5274725274725275}, {'phase': 'head', 'epoch': 5, 'train_loss': 1.3700113240277991, 'train_acc': 0.4592680047225502, 'val_loss': 1.2430660327275593, 'val_acc': 0.44505494505494503}, {'phase': 'finetune', 'epoch': 1, 'train_loss': 1.1587676102260374, 'train_acc': 0.525383707201889, 'val_loss': 0.8863932838042577, 'val_acc': 0.6593406593406593}, {'phase': 'finetune', 'epoch': 2, 'train_loss': 0.9887885271378283, 'train_acc': 0.6269185360094451, 'val_loss': 0.884281595547994, 'val_acc': 0.7307692307692307}, {'phase': 'finetune', 'epoch': 3, 'train_loss': 0.8953926090924245, 'train_acc': 0.6458087367178277, 'val_loss': 0.8339284956455231, 'val_acc': 0.7032967032967034}, {'phase': 'finetune', 'epoch': 4, 'train_loss': 0.8055820914934266, 'train_acc': 0.6906729634002361, 'val_loss': 0.7301697035630544, 'val_acc': 0.7472527472527473}, {'phase': 'finetune', 'epoch': 5, 'train_loss': 0.7238997603362461, 'train_acc': 0.7131050767414404, 'val_loss': 0.679589293897152, 'val_acc': 0.7582417582417582}, {'phase': 'finetune', 'epoch': 6, 'train_loss': 0.7002421240761595, 'train_acc': 0.7225501770956316, 'val_loss': 0.6085237711668015, 'val_acc': 0.7582417582417582}, {'phase': 'finetune', 'epoch': 7, 'train_loss': 0.6357633912900709, 'train_acc': 0.7626918536009445, 'val_loss': 0.6418408552805582, 'val_acc': 0.8131868131868132}, {'phase': 'finetune', 'epoch': 8, 'train_loss': 0.5831155706689043, 'train_acc': 0.7768595041322314, 'val_loss': 0.5989663874109586, 'val_acc': 0.7472527472527473}, {'phase': 'finetune', 'epoch': 9, 'train_loss': 0.5944199053184042, 'train_acc': 0.7744982290436836, 'val_loss': 0.6523929573595524, 'val_acc': 0.7802197802197802}, {'phase': 'finetune', 'epoch': 10, 'train_loss': 0.528226578010703, 'train_acc': 0.7992916174734357, 'val_loss': 0.5910730150838693, 'val_acc': 0.7747252747252747}]",0.7992916174734357,0.7747252747252747,0.0001,0.0005,2,1,4,0.8131868131868132,15,12,True,0.0001,0.0001
32,0.8021978021978022,0.517766647040844,15,5,6,0.0,"[{'phase': 'head', 'epoch': 1, 'train_loss': 1.666865591649656, 'train_acc': 0.23140495867768596, 'val_loss': 1.653502881526947, 'val_acc': 0.13736263736263737}, {'phase': 'head', 'epoch': 2, 'train_loss': 1.5567227513701827, 'train_acc': 0.29634002361275086, 'val_loss': 1.594966987768809, 'val_acc': 0.1813186813186813}, {'phase': 'head', 'epoch': 3, 'train_loss': 1.482530289226108, 'train_acc': 0.38488783943329397, 'val_loss': 1.4578372240066528, 'val_acc': 0.24725274725274726}, {'phase': 'head', 'epoch': 4, 'train_loss': 1.4338432329672355, 'train_acc': 0.3624557260920897, 'val_loss': 1.374195118745168, 'val_acc': 0.4725274725274725}, {'phase': 'head', 'epoch': 5, 'train_loss': 1.369832820362515, 'train_acc': 0.4592680047225502, 'val_loss': 1.3067080179850261, 'val_acc': 0.4175824175824176}, {'phase': 'finetune', 'epoch': 1, 'train_loss': 1.2564909987979465, 'train_acc': 0.48760330578512395, 'val_loss': 1.031636506319046, 'val_acc': 0.5879120879120879}, {'phase': 'finetune', 'epoch': 2, 'train_loss': 1.0966486776316609, 'train_acc': 0.5950413223140496, 'val_loss': 0.9451937278111776, 'val_acc': 0.6373626373626373}, {'phase': 'finetune', 'epoch': 3, 'train_loss': 0.9968125312416641, 'train_acc': 0.6056670602125147, 'val_loss': 0.849321444829305, 'val_acc': 0.6868131868131868}, {'phase': 'finetune', 'epoch': 4, 'train_loss': 0.9030819204118516, 'train_acc': 0.6493506493506493, 'val_loss': 0.7909697194894155, 'val_acc': 0.6648351648351648}, {'phase': 'finetune', 'epoch': 5, 'train_loss': 0.8716286774034854, 'train_acc': 0.6717827626918536, 'val_loss': 0.7297129382689794, 'val_acc': 0.7197802197802198}, {'phase': 'finetune', 'epoch': 6, 'train_loss': 0.8443102284714028, 'train_acc': 0.6871310507674144, 'val_loss': 0.6757043848435084, 'val_acc': 0.7637362637362637}, {'phase': 'finetune', 'epoch': 7, 'train_loss': 0.7736491318102237, 'train_acc': 0.7012987012987013, 'val_loss': 0.6413416614135107, 'val_acc': 0.7967032967032966}, {'phase': 'finetune', 'epoch': 8, 'train_loss': 0.7727821954974422, 'train_acc': 0.7095631641086186, 'val_loss': 0.6158972730239233, 'val_acc': 0.7802197802197802}, {'phase': 'finetune', 'epoch': 9, 'train_loss': 0.7040277520815531, 'train_acc': 0.7142857142857143, 'val_loss': 0.6514206081628799, 'val_acc': 0.6978021978021978}, {'phase': 'finetune', 'epoch': 10, 'train_loss': 0.7058520526797684, 'train_acc': 0.7284533648170012, 'val_loss': 0.600089023510615, 'val_acc': 0.7747252747252747}, {'phase': 'finetune', 'epoch': 11, 'train_loss': 0.6310445578009994, 'train_acc': 0.7674144037780402, 'val_loss': 0.582738384604454, 'val_acc': 0.7967032967032966}, {'phase': 'finetune', 'epoch': 12, 'train_loss': 0.6600655538064463, 'train_acc': 0.755608028335301, 'val_loss': 0.5723550294836363, 'val_acc': 0.7967032967032966}, {'phase': 'finetune', 'epoch': 13, 'train_loss': 0.5779588928929081, 'train_acc': 0.7768595041322314, 'val_loss': 0.588802253206571, 'val_acc': 0.7802197802197802}, {'phase': 'finetune', 'epoch': 14, 'train_loss': 0.6465021691940449, 'train_acc': 0.7603305785123967, 'val_loss': 0.5790955449144045, 'val_acc': 0.7692307692307693}, {'phase': 'finetune', 'epoch': 15, 'train_loss': 0.5681178647058981, 'train_acc': 0.7733175914994097, 'val_loss': 0.517766647040844, 'val_acc': 0.8021978021978022}]",0.7733175914994097,0.8021978021978022,5e-05,0.0005,2,2,2,0.8021978021978022,25,8,True,0.0,0.0001
32,0.8406593406593407,0.4610052555799484,10,5,6,0.0,"[{'phase': 'head', 'epoch': 1, 'train_loss': 1.6201625753332067, 'train_acc': 0.23376623376623376, 'val_loss': 1.5821956992149353, 'val_acc': 0.3791208791208791}, {'phase': 'head', 'epoch': 2, 'train_loss': 1.4557851552963257, 'train_acc': 0.371900826446281, 'val_loss': 1.397685448328654, 'val_acc': 0.554945054945055}, {'phase': 'head', 'epoch': 3, 'train_loss': 1.3512563970353868, 'train_acc': 0.46162927981109797, 'val_loss': 1.2521852652231853, 'val_acc': 0.5879120879120879}, {'phase': 'head', 'epoch': 4, 'train_loss': 1.3329546981387668, 'train_acc': 0.45690672963400236, 'val_loss': 1.1660011609395344, 'val_acc': 0.5494505494505495}, {'phase': 'head', 'epoch': 5, 'train_loss': 1.2600553653858326, 'train_acc': 0.5053128689492326, 'val_loss': 1.1858163078625996, 'val_acc': 0.5604395604395604}, {'phase': 'finetune', 'epoch': 1, 'train_loss': 1.1820558331630848, 'train_acc': 0.526564344746163, 'val_loss': 0.8615909318129221, 'val_acc': 0.6648351648351648}, {'phase': 'finetune', 'epoch': 2, 'train_loss': 0.9288632869720459, 'train_acc': 0.6351829988193625, 'val_loss': 0.7946765720844269, 'val_acc': 0.6868131868131868}, {'phase': 'finetune', 'epoch': 3, 'train_loss': 0.8792717677575571, 'train_acc': 0.6469893742621016, 'val_loss': 0.6882814864317576, 'val_acc': 0.7087912087912088}, {'phase': 'finetune', 'epoch': 4, 'train_loss': 0.7454305611274861, 'train_acc': 0.7296340023612751, 'val_loss': 0.6513917297124863, 'val_acc': 0.7472527472527473}, {'phase': 'finetune', 'epoch': 5, 'train_loss': 0.674660509383237, 'train_acc': 0.7508854781582054, 'val_loss': 0.6250273684660593, 'val_acc': 0.7967032967032966}, {'phase': 'finetune', 'epoch': 6, 'train_loss': 0.6212536350444511, 'train_acc': 0.7638724911452184, 'val_loss': 0.5935516754786173, 'val_acc': 0.8076923076923077}, {'phase': 'finetune', 'epoch': 7, 'train_loss': 0.5989464267536446, 'train_acc': 0.7910271546635183, 'val_loss': 0.5458470284938812, 'val_acc': 0.8241758241758241}, {'phase': 'finetune', 'epoch': 8, 'train_loss': 0.5123079860651935, 'train_acc': 0.7981109799291618, 'val_loss': 0.5197573577364286, 'val_acc': 0.8186813186813187}, {'phase': 'finetune', 'epoch': 9, 'train_loss': 0.5360665072997411, 'train_acc': 0.7969303423848878, 'val_loss': 0.5699362804492315, 'val_acc': 0.8406593406593407}, {'phase': 'finetune', 'epoch': 10, 'train_loss': 0.4695570093614084, 'train_acc': 0.8370720188902007, 'val_loss': 0.4610052555799484, 'val_acc': 0.8406593406593407}]",0.8370720188902007,0.8406593406593407,0.0001,0.001,2,1,2,0.8406593406593407,15,8,True,0.0,0.0
32,0.8406593406593407,0.5621755967537562,10,8,10,0.01,"[{'phase': 'head', 'epoch': 1, 'train_loss': 1.646885911623637, 'train_acc': 0.2632821723730815, 'val_loss': 1.6790904800097148, 'val_acc': 0.34065934065934067}, {'phase': 'head', 'epoch': 2, 'train_loss': 1.5019535665158872, 'train_acc': 0.33530106257378983, 'val_loss': 1.552631954352061, 'val_acc': 0.3626373626373626}, {'phase': 'head', 'epoch': 3, 'train_loss': 1.4041213282832392, 'train_acc': 0.4462809917355372, 'val_loss': 1.331779380639394, 'val_acc': 0.47802197802197804}, {'phase': 'head', 'epoch': 4, 'train_loss': 1.34583341633832, 'train_acc': 0.43683589138134593, 'val_loss': 1.3074015577634175, 'val_acc': 0.46153846153846156}, {'phase': 'head', 'epoch': 5, 'train_loss': 1.3392780445240162, 'train_acc': 0.46871310507674147, 'val_loss': 1.2965649565060933, 'val_acc': 0.46153846153846156}, {'phase': 'head', 'epoch': 6, 'train_loss': 1.3315483419983476, 'train_acc': 0.4462809917355372, 'val_loss': 1.2101758122444153, 'val_acc': 0.47802197802197804}, {'phase': 'head', 'epoch': 7, 'train_loss': 1.2987275653415256, 'train_acc': 0.4651711924439197, 'val_loss': 1.1852298974990845, 'val_acc': 0.4945054945054945}, {'phase': 'head', 'epoch': 8, 'train_loss': 1.2752757911328916, 'train_acc': 0.4793388429752066, 'val_loss': 1.1434956689675648, 'val_acc': 0.5714285714285714}, {'phase': 'finetune', 'epoch': 1, 'train_loss': 1.188214573595259, 'train_acc': 0.5230224321133412, 'val_loss': 1.0152216056982677, 'val_acc': 0.5384615384615384}, {'phase': 'finetune', 'epoch': 2, 'train_loss': 0.9978854921129015, 'train_acc': 0.6375442739079102, 'val_loss': 0.8988441328207651, 'val_acc': 0.6868131868131868}, {'phase': 'finetune', 'epoch': 3, 'train_loss': 0.9142531973344309, 'train_acc': 0.6399055489964581, 'val_loss': 0.8748115797837576, 'val_acc': 0.6263736263736264}, {'phase': 'finetune', 'epoch': 4, 'train_loss': 0.8478914477207042, 'train_acc': 0.6788665879574971, 'val_loss': 0.7974965125322342, 'val_acc': 0.6868131868131868}, {'phase': 'finetune', 'epoch': 5, 'train_loss': 0.7995259408597593, 'train_acc': 0.6977567886658795, 'val_loss': 0.9459206660588583, 'val_acc': 0.6428571428571429}, {'phase': 'finetune', 'epoch': 6, 'train_loss': 0.7601469876589598, 'train_acc': 0.6883116883116883, 'val_loss': 0.7019433925549189, 'val_acc': 0.7692307692307693}, {'phase': 'finetune', 'epoch': 7, 'train_loss': 0.7390144092065317, 'train_acc': 0.7343565525383707, 'val_loss': 1.015664706627528, 'val_acc': 0.6593406593406593}, {'phase': 'finetune', 'epoch': 8, 'train_loss': 0.723716448854517, 'train_acc': 0.7201889020070839, 'val_loss': 0.8296002745628357, 'val_acc': 0.7087912087912088}, {'phase': 'finetune', 'epoch': 9, 'train_loss': 0.6472104103476913, 'train_acc': 0.7579693034238488, 'val_loss': 0.7489773531754812, 'val_acc': 0.7197802197802198}, {'phase': 'finetune', 'epoch': 10, 'train_loss': 0.6548589655646572, 'train_acc': 0.7331759149940968, 'val_loss': 0.5621755967537562, 'val_acc': 0.8406593406593407}]",0.7331759149940968,0.8406593406593407,0.0001,0.001,2,1,4,0.8406593406593407,25,12,True,0.0,0.0001
16,0.8626373626373627,0.39255110919475555,15,8,10,0.0,"[{'phase': 'head', 'epoch': 1, 'train_loss': 1.6257763133858734, 'train_acc': 0.2550177095631641, 'val_loss': 1.584870994091034, 'val_acc': 0.43956043956043955}, {'phase': 'head', 'epoch': 2, 'train_loss': 1.500281126994007, 'train_acc': 0.3659976387249115, 'val_loss': 1.3975842893123627, 'val_acc': 0.5384615384615384}, {'phase': 'head', 'epoch': 3, 'train_loss': 1.453535259894605, 'train_acc': 0.40613931523022434, 'val_loss': 1.2822105685869853, 'val_acc': 0.5769230769230769}, {'phase': 'head', 'epoch': 4, 'train_loss': 1.392650545768018, 'train_acc': 0.42384887839433294, 'val_loss': 1.2291069428126018, 'val_acc': 0.532967032967033}, {'phase': 'head', 'epoch': 5, 'train_loss': 1.3654804027305458, 'train_acc': 0.4498229043683589, 'val_loss': 1.2082339525222778, 'val_acc': 0.5714285714285714}, {'phase': 'head', 'epoch': 6, 'train_loss': 1.3260595933446344, 'train_acc': 0.4675324675324675, 'val_loss': 1.1775698612133663, 'val_acc': 0.4945054945054945}, {'phase': 'head', 'epoch': 7, 'train_loss': 1.3174647385219358, 'train_acc': 0.4380165289256198, 'val_loss': 1.131525069475174, 'val_acc': 0.5494505494505495}, {'phase': 'head', 'epoch': 8, 'train_loss': 1.266516533662688, 'train_acc': 0.51357733175915, 'val_loss': 1.157304768760999, 'val_acc': 0.5439560439560439}, {'phase': 'finetune', 'epoch': 1, 'train_loss': 1.17552321249584, 'train_acc': 0.5442739079102715, 'val_loss': 1.0455894470214844, 'val_acc': 0.6043956043956044}, {'phase': 'finetune', 'epoch': 2, 'train_loss': 1.043202963640105, 'train_acc': 0.5974025974025974, 'val_loss': 0.8363972877462705, 'val_acc': 0.6263736263736264}, {'phase': 'finetune', 'epoch': 3, 'train_loss': 0.9344004758124081, 'train_acc': 0.654073199527745, 'val_loss': 0.8196299051245054, 'val_acc': 0.6923076923076923}, {'phase': 'finetune', 'epoch': 4, 'train_loss': 0.8986843751286561, 'train_acc': 0.6729634002361276, 'val_loss': 0.6662601605057716, 'val_acc': 0.7802197802197802}, {'phase': 'finetune', 'epoch': 5, 'train_loss': 0.7983102461077133, 'train_acc': 0.7024793388429752, 'val_loss': 0.6181446313858032, 'val_acc': 0.7472527472527473}, {'phase': 'finetune', 'epoch': 6, 'train_loss': 0.7349756748046515, 'train_acc': 0.7095631641086186, 'val_loss': 0.5432741393645605, 'val_acc': 0.7912087912087912}, {'phase': 'finetune', 'epoch': 7, 'train_loss': 0.6847375887182524, 'train_acc': 0.731995277449823, 'val_loss': 0.6507408569256464, 'val_acc': 0.7252747252747253}, {'phase': 'finetune', 'epoch': 8, 'train_loss': 0.6596288501091723, 'train_acc': 0.7591499409681228, 'val_loss': 0.5053856372833252, 'val_acc': 0.7692307692307693}, {'phase': 'finetune', 'epoch': 9, 'train_loss': 0.7167039822857335, 'train_acc': 0.717827626918536, 'val_loss': 0.6152674183249474, 'val_acc': 0.7417582417582418}, {'phase': 'finetune', 'epoch': 10, 'train_loss': 0.6360643790015634, 'train_acc': 0.7662337662337663, 'val_loss': 0.45184038827816647, 'val_acc': 0.8626373626373627}, {'phase': 'finetune', 'epoch': 11, 'train_loss': 0.6111985163868598, 'train_acc': 0.7804014167650531, 'val_loss': 0.4992580972611904, 'val_acc': 0.7802197802197802}, {'phase': 'finetune', 'epoch': 12, 'train_loss': 0.5152131822311653, 'train_acc': 0.8099173553719008, 'val_loss': 0.4746878532071908, 'val_acc': 0.7912087912087912}, {'phase': 'finetune', 'epoch': 13, 'train_loss': 0.5557141444593106, 'train_acc': 0.7981109799291618, 'val_loss': 0.4027811139822006, 'val_acc': 0.8186813186813187}, {'phase': 'finetune', 'epoch': 14, 'train_loss': 0.496417390850355, 'train_acc': 0.8110979929161747, 'val_loss': 0.43565256241708994, 'val_acc': 0.8626373626373627}, {'phase': 'finetune', 'epoch': 15, 'train_loss': 0.4757449376695561, 'train_acc': 0.8311688311688312, 'val_loss': 0.39255110919475555, 'val_acc': 0.8406593406593407}]",0.8311688311688312,0.8406593406593407,0.0001,0.0005,2,2,2,0.8626373626373627,15,8,True,0.0,0.0
32,0.8076923076923077,0.6139035274585088,15,8,6,0.01,"[{'phase': 'head', 'epoch': 1, 'train_loss': 1.5944001188984624, 'train_acc': 0.26210153482880755, 'val_loss': 1.5623633066813152, 'val_acc': 0.21978021978021978}, {'phase': 'head', 'epoch': 2, 'train_loss': 1.4680741054040414, 'train_acc': 0.3884297520661157, 'val_loss': 1.4897482991218567, 'val_acc': 0.4230769230769231}, {'phase': 'head', 'epoch': 3, 'train_loss': 1.3687098423639934, 'train_acc': 0.45218417945690675, 'val_loss': 1.4155773917833965, 'val_acc': 0.43956043956043955}, {'phase': 'head', 'epoch': 4, 'train_loss': 1.340279667465775, 'train_acc': 0.45808736717827625, 'val_loss': 1.2870504260063171, 'val_acc': 0.5164835164835165}, {'phase': 'head', 'epoch': 5, 'train_loss': 1.2755661253575925, 'train_acc': 0.48288075560802834, 'val_loss': 1.2043253580729167, 'val_acc': 0.5439560439560439}, {'phase': 'head', 'epoch': 6, 'train_loss': 1.2640925469221893, 'train_acc': 0.5076741440377804, 'val_loss': 1.1538913249969482, 'val_acc': 0.5714285714285714}, {'phase': 'head', 'epoch': 7, 'train_loss': 1.1865456501642864, 'train_acc': 0.551357733175915, 'val_loss': 1.112509121497472, 'val_acc': 0.5494505494505495}, {'phase': 'head', 'epoch': 8, 'train_loss': 1.1451320581965976, 'train_acc': 0.5903187721369539, 'val_loss': 1.0815781652927399, 'val_acc': 0.5659340659340659}, {'phase': 'finetune', 'epoch': 1, 'train_loss': 1.1012620705145377, 'train_acc': 0.5761511216056671, 'val_loss': 0.9544553657372793, 'val_acc': 0.6263736263736264}, {'phase': 'finetune', 'epoch': 2, 'train_loss': 0.9659498709219473, 'train_acc': 0.6174734356552538, 'val_loss': 0.8236449460188547, 'val_acc': 0.6538461538461539}, {'phase': 'finetune', 'epoch': 3, 'train_loss': 0.8753262228435941, 'train_acc': 0.6812278630460449, 'val_loss': 0.8109224637349447, 'val_acc': 0.6868131868131868}, {'phase': 'finetune', 'epoch': 4, 'train_loss': 0.8275190746342694, 'train_acc': 0.6906729634002361, 'val_loss': 0.8007043997446696, 'val_acc': 0.7307692307692307}, {'phase': 'finetune', 'epoch': 5, 'train_loss': 0.7786263757281833, 'train_acc': 0.7036599763872491, 'val_loss': 0.7906342049439748, 'val_acc': 0.7087912087912088}, {'phase': 'finetune', 'epoch': 6, 'train_loss': 0.663917714798892, 'train_acc': 0.7520661157024794, 'val_loss': 0.692523717880249, 'val_acc': 0.7417582417582418}, {'phase': 'finetune', 'epoch': 7, 'train_loss': 0.6600585414303674, 'train_acc': 0.7567886658795749, 'val_loss': 0.6703800559043884, 'val_acc': 0.7527472527472527}, {'phase': 'finetune', 'epoch': 8, 'train_loss': 0.6417750649982028, 'train_acc': 0.7638724911452184, 'val_loss': 0.6471666544675827, 'val_acc': 0.7307692307692307}, {'phase': 'finetune', 'epoch': 9, 'train_loss': 0.5833911421122374, 'train_acc': 0.7792207792207793, 'val_loss': 0.657382403810819, 'val_acc': 0.7912087912087912}, {'phase': 'finetune', 'epoch': 10, 'train_loss': 0.5564978486961789, 'train_acc': 0.8051948051948052, 'val_loss': 0.7590698401133219, 'val_acc': 0.7527472527472527}, {'phase': 'finetune', 'epoch': 11, 'train_loss': 0.5506944159666697, 'train_acc': 0.8028335301062574, 'val_loss': 0.699093277255694, 'val_acc': 0.7912087912087912}, {'phase': 'finetune', 'epoch': 12, 'train_loss': 0.48114574286672807, 'train_acc': 0.8170011806375442, 'val_loss': 0.6499505688746771, 'val_acc': 0.7802197802197802}, {'phase': 'finetune', 'epoch': 13, 'train_loss': 0.46762704297348306, 'train_acc': 0.8370720188902007, 'val_loss': 0.6641496668259302, 'val_acc': 0.8021978021978022}, {'phase': 'finetune', 'epoch': 14, 'train_loss': 0.4415062914292018, 'train_acc': 0.8347107438016529, 'val_loss': 0.641964410742124, 'val_acc': 0.8021978021978022}, {'phase': 'finetune', 'epoch': 15, 'train_loss': 0.4342504469332872, 'train_acc': 0.8441558441558441, 'val_loss': 0.6139035274585088, 'val_acc': 0.8076923076923077}]",0.8441558441558441,0.8076923076923077,5e-05,0.001,1,1,4,0.8076923076923077,15,8,True,0.0,0.0001
16,0.7747252747252747,0.5676569330195586,10,8,6,0.0,"[{'phase': 'head', 'epoch': 1, 'train_loss': 1.6134790159621328, 'train_acc': 0.2680047225501771, 'val_loss': 1.5687010685602825, 'val_acc': 0.3241758241758242}, {'phase': 'head', 'epoch': 2, 'train_loss': 1.4679866466882094, 'train_acc': 0.3778040141676505, 'val_loss': 1.3820128738880157, 'val_acc': 0.4725274725274725}, {'phase': 'head', 'epoch': 3, 'train_loss': 1.4045683347953941, 'train_acc': 0.41204250295159384, 'val_loss': 1.2989827195803325, 'val_acc': 0.554945054945055}, {'phase': 'head', 'epoch': 4, 'train_loss': 1.346167411444322, 'train_acc': 0.46871310507674147, 'val_loss': 1.2387570142745972, 'val_acc': 0.532967032967033}, {'phase': 'head', 'epoch': 5, 'train_loss': 1.321887859758341, 'train_acc': 0.4604486422668241, 'val_loss': 1.2022529939810436, 'val_acc': 0.5879120879120879}, {'phase': 'head', 'epoch': 6, 'train_loss': 1.2599279149523321, 'train_acc': 0.5112160566706021, 'val_loss': 1.2033616304397583, 'val_acc': 0.5054945054945055}, {'phase': 'head', 'epoch': 7, 'train_loss': 1.2621294574917488, 'train_acc': 0.500590318772137, 'val_loss': 1.1814966996510823, 'val_acc': 0.5659340659340659}, {'phase': 'head', 'epoch': 8, 'train_loss': 1.2107524669395302, 'train_acc': 0.5206611570247934, 'val_loss': 1.1832011342048645, 'val_acc': 0.46703296703296704}, {'phase': 'finetune', 'epoch': 1, 'train_loss': 1.144267515191492, 'train_acc': 0.5525383707201889, 'val_loss': 0.9760205149650574, 'val_acc': 0.6098901098901099}, {'phase': 'finetune', 'epoch': 2, 'train_loss': 0.9901008313556887, 'train_acc': 0.6375442739079102, 'val_loss': 0.8766896848877271, 'val_acc': 0.6373626373626373}, {'phase': 'finetune', 'epoch': 3, 'train_loss': 0.941996509174131, 'train_acc': 0.6316410861865407, 'val_loss': 0.7827504202723503, 'val_acc': 0.6868131868131868}, {'phase': 'finetune', 'epoch': 4, 'train_loss': 0.8289957844986106, 'train_acc': 0.6871310507674144, 'val_loss': 0.7101529637972513, 'val_acc': 0.7197802197802198}, {'phase': 'finetune', 'epoch': 5, 'train_loss': 0.7965148237516295, 'train_acc': 0.6965761511216056, 'val_loss': 0.703469860057036, 'val_acc': 0.7142857142857143}, {'phase': 'finetune', 'epoch': 6, 'train_loss': 0.7934079597581107, 'train_acc': 0.704840613931523, 'val_loss': 0.7103833133975664, 'val_acc': 0.7197802197802198}, {'phase': 'finetune', 'epoch': 7, 'train_loss': 0.6990006830332414, 'train_acc': 0.7414403778040142, 'val_loss': 0.6226887479424477, 'val_acc': 0.7527472527472527}, {'phase': 'finetune', 'epoch': 8, 'train_loss': 0.7263560064558713, 'train_acc': 0.71900826446281, 'val_loss': 0.6677557354172071, 'val_acc': 0.7417582417582418}, {'phase': 'finetune', 'epoch': 9, 'train_loss': 0.6803411332503805, 'train_acc': 0.7426210153482881, 'val_loss': 0.5813803449273109, 'val_acc': 0.7747252747252747}, {'phase': 'finetune', 'epoch': 10, 'train_loss': 0.625784787929283, 'train_acc': 0.7591499409681228, 'val_loss': 0.5676569330195586, 'val_acc': 0.7582417582417582}]",0.7591499409681228,0.7582417582417582,5e-05,0.0005,1,2,4,0.7747252747252747,25,12,True,0.0001,0.0001
32,0.8186813186813187,0.48783037811517715,10,5,6,0.0,"[{'phase': 'head', 'epoch': 1, 'train_loss': 1.6125995450549655, 'train_acc': 0.27036599763872493, 'val_loss': 1.5503368973731995, 'val_acc': 0.3791208791208791}, {'phase': 'head', 'epoch': 2, 'train_loss': 1.4160888459947374, 'train_acc': 0.40731995277449823, 'val_loss': 1.421485722064972, 'val_acc': 0.532967032967033}, {'phase': 'head', 'epoch': 3, 'train_loss': 1.3532252709070842, 'train_acc': 0.46871310507674147, 'val_loss': 1.2936994632085164, 'val_acc': 0.45054945054945056}, {'phase': 'head', 'epoch': 4, 'train_loss': 1.2988350567994293, 'train_acc': 0.48288075560802834, 'val_loss': 1.1934423446655273, 'val_acc': 0.510989010989011}, {'phase': 'head', 'epoch': 5, 'train_loss': 1.2688004970550537, 'train_acc': 0.4923258559622196, 'val_loss': 1.1690514882405598, 'val_acc': 0.532967032967033}, {'phase': 'finetune', 'epoch': 1, 'train_loss': 1.1774633946242157, 'train_acc': 0.551357733175915, 'val_loss': 1.0062568684418995, 'val_acc': 0.5934065934065934}, {'phase': 'finetune', 'epoch': 2, 'train_loss': 0.9167767078788193, 'train_acc': 0.6387249114521841, 'val_loss': 0.8050481577714285, 'val_acc': 0.6593406593406593}, {'phase': 'finetune', 'epoch': 3, 'train_loss': 0.7916636157918859, 'train_acc': 0.6965761511216056, 'val_loss': 0.7345035175482432, 'val_acc': 0.6813186813186813}, {'phase': 'finetune', 'epoch': 4, 'train_loss': 0.7557759340162631, 'train_acc': 0.730814639905549, 'val_loss': 0.7077648739020029, 'val_acc': 0.6868131868131868}, {'phase': 'finetune', 'epoch': 5, 'train_loss': 0.6604091966593707, 'train_acc': 0.7461629279811098, 'val_loss': 0.5526332507530848, 'val_acc': 0.7472527472527473}, {'phase': 'finetune', 'epoch': 6, 'train_loss': 0.6229354187294289, 'train_acc': 0.7768595041322314, 'val_loss': 0.4881093104680379, 'val_acc': 0.8186813186813187}, {'phase': 'finetune', 'epoch': 7, 'train_loss': 0.597014351023568, 'train_acc': 0.7780401416765053, 'val_loss': 0.5083339661359787, 'val_acc': 0.8186813186813187}, {'phase': 'finetune', 'epoch': 8, 'train_loss': 0.6279936256232085, 'train_acc': 0.7744982290436836, 'val_loss': 0.5224228700002035, 'val_acc': 0.8021978021978022}, {'phase': 'finetune', 'epoch': 9, 'train_loss': 0.5342949032783508, 'train_acc': 0.7851239669421488, 'val_loss': 0.6198050230741501, 'val_acc': 0.7747252747252747}, {'phase': 'finetune', 'epoch': 10, 'train_loss': 0.48378227927066664, 'train_acc': 0.8358913813459268, 'val_loss': 0.48783037811517715, 'val_acc': 0.8186813186813187}]",0.8358913813459268,0.8186813186813187,0.0001,0.001,1,2,2,0.8186813186813187,25,12,True,0.0001,0.0001
16,0.8571428571428571,0.4980114623904228,15,5,6,0.0,"[{'phase': 'head', 'epoch': 1, 'train_loss': 1.6263358907879524, 'train_acc': 0.2715466351829988, 'val_loss': 1.4699335992336273, 'val_acc': 0.38461538461538464}, {'phase': 'head', 'epoch': 2, 'train_loss': 1.440802646133135, 'train_acc': 0.3778040141676505, 'val_loss': 1.2631193300088246, 'val_acc': 0.4835164835164835}, {'phase': 'head', 'epoch': 3, 'train_loss': 1.3550398844592977, 'train_acc': 0.4427390791027155, 'val_loss': 1.2654137710730236, 'val_acc': 0.5054945054945055}, {'phase': 'head', 'epoch': 4, 'train_loss': 1.2779701554550316, 'train_acc': 0.5041322314049587, 'val_loss': 1.0977839827537537, 'val_acc': 0.5604395604395604}, {'phase': 'head', 'epoch': 5, 'train_loss': 1.2773267221900653, 'train_acc': 0.4982290436835891, 'val_loss': 1.0417139828205109, 'val_acc': 0.6483516483516484}, {'phase': 'finetune', 'epoch': 1, 'train_loss': 1.1292670166717385, 'train_acc': 0.5655253837072018, 'val_loss': 0.9186375563343366, 'val_acc': 0.6043956043956044}, {'phase': 'finetune', 'epoch': 2, 'train_loss': 0.8825130192738659, 'train_acc': 0.6658795749704841, 'val_loss': 0.8720433389147123, 'val_acc': 0.6868131868131868}, {'phase': 'finetune', 'epoch': 3, 'train_loss': 0.8009724560773598, 'train_acc': 0.6824085005903188, 'val_loss': 0.7999642839034399, 'val_acc': 0.7362637362637363}, {'phase': 'finetune', 'epoch': 4, 'train_loss': 0.7365717033170304, 'train_acc': 0.7249114521841794, 'val_loss': 0.7958715036511421, 'val_acc': 0.7087912087912088}, {'phase': 'finetune', 'epoch': 5, 'train_loss': 0.6408659006064793, 'train_acc': 0.7603305785123967, 'val_loss': 0.8570338276525339, 'val_acc': 0.7142857142857143}, {'phase': 'finetune', 'epoch': 6, 'train_loss': 0.5843448939750779, 'train_acc': 0.7827626918536009, 'val_loss': 0.7037344115475813, 'val_acc': 0.7197802197802198}, {'phase': 'finetune', 'epoch': 7, 'train_loss': 0.5819612718978018, 'train_acc': 0.7780401416765053, 'val_loss': 0.6956633838514487, 'val_acc': 0.7142857142857143}, {'phase': 'finetune', 'epoch': 8, 'train_loss': 0.5591914906816663, 'train_acc': 0.7957497048406139, 'val_loss': 0.6716149114072323, 'val_acc': 0.7637362637362637}, {'phase': 'finetune', 'epoch': 9, 'train_loss': 0.516086108560832, 'train_acc': 0.8158205430932703, 'val_loss': 0.5149850410719713, 'val_acc': 0.8186813186813187}, {'phase': 'finetune', 'epoch': 10, 'train_loss': 0.39828925115882224, 'train_acc': 0.8512396694214877, 'val_loss': 0.530813050766786, 'val_acc': 0.8571428571428571}, {'phase': 'finetune', 'epoch': 11, 'train_loss': 0.4238391805369899, 'train_acc': 0.833530106257379, 'val_loss': 0.628989373644193, 'val_acc': 0.8241758241758241}, {'phase': 'finetune', 'epoch': 12, 'train_loss': 0.39480579250826026, 'train_acc': 0.8559622195985832, 'val_loss': 0.4980114623904228, 'val_acc': 0.8406593406593407}, {'phase': 'finetune', 'epoch': 13, 'train_loss': 0.37409517267402614, 'train_acc': 0.8347107438016529, 'val_loss': 0.5472169977923235, 'val_acc': 0.7912087912087912}, {'phase': 'finetune', 'epoch': 14, 'train_loss': 0.34193651771770334, 'train_acc': 0.872491145218418, 'val_loss': 0.5507894835124413, 'val_acc': 0.8351648351648352}, {'phase': 'finetune', 'epoch': 15, 'train_loss': 0.3443396511083504, 'train_acc': 0.8842975206611571, 'val_loss': 0.5206213990847269, 'val_acc': 0.8241758241758241}]",0.8842975206611571,0.8241758241758241,0.0001,0.001,1,1,4,0.8571428571428571,25,12,True,0.0,0.0
16,0.8791208791208791,0.32797125664850074,15,5,10,0.01,"[{'phase': 'head', 'epoch': 1, 'train_loss': 1.6102429583387554, 'train_acc': 0.24557260920897284, 'val_loss': 1.5936577419439952, 'val_acc': 0.32967032967032966}, {'phase': 'head', 'epoch': 2, 'train_loss': 1.4963878145757712, 'train_acc': 0.3412042502951594, 'val_loss': 1.403272658586502, 'val_acc': 0.4340659340659341}, {'phase': 'head', 'epoch': 3, 'train_loss': 1.4401854231672466, 'train_acc': 0.4002361275088548, 'val_loss': 1.2978018919626872, 'val_acc': 0.5164835164835165}, {'phase': 'head', 'epoch': 4, 'train_loss': 1.3677569335361697, 'train_acc': 0.4498229043683589, 'val_loss': 1.2423057705163956, 'val_acc': 0.5934065934065934}, {'phase': 'head', 'epoch': 5, 'train_loss': 1.3336934256103803, 'train_acc': 0.4651711924439197, 'val_loss': 1.231652056177457, 'val_acc': 0.6153846153846154}, {'phase': 'finetune', 'epoch': 1, 'train_loss': 1.1906570690982747, 'train_acc': 0.525383707201889, 'val_loss': 0.9004063283403715, 'val_acc': 0.6758241758241759}, {'phase': 'finetune', 'epoch': 2, 'train_loss': 0.9394734192569301, 'train_acc': 0.6517119244391971, 'val_loss': 0.7474785322944323, 'val_acc': 0.7417582417582418}, {'phase': 'finetune', 'epoch': 3, 'train_loss': 0.8677859013935305, 'train_acc': 0.6753246753246753, 'val_loss': 0.7777921557426453, 'val_acc': 0.7362637362637363}, {'phase': 'finetune', 'epoch': 4, 'train_loss': 0.7352882685526362, 'train_acc': 0.7237308146399055, 'val_loss': 0.7146159211794535, 'val_acc': 0.7637362637362637}, {'phase': 'finetune', 'epoch': 5, 'train_loss': 0.6876515566178087, 'train_acc': 0.7473435655253837, 'val_loss': 0.5632840121785799, 'val_acc': 0.8131868131868132}, {'phase': 'finetune', 'epoch': 6, 'train_loss': 0.6725785541084578, 'train_acc': 0.7449822904368358, 'val_loss': 0.627459242939949, 'val_acc': 0.8076923076923077}, {'phase': 'finetune', 'epoch': 7, 'train_loss': 0.6471824592576837, 'train_acc': 0.7508854781582054, 'val_loss': 0.6462279508511225, 'val_acc': 0.7857142857142857}, {'phase': 'finetune', 'epoch': 8, 'train_loss': 0.5651429188701341, 'train_acc': 0.7863046044864227, 'val_loss': 0.6051266926030318, 'val_acc': 0.7527472527472527}, {'phase': 'finetune', 'epoch': 9, 'train_loss': 0.5687230249058526, 'train_acc': 0.7792207792207793, 'val_loss': 0.4600822441279888, 'val_acc': 0.8351648351648352}, {'phase': 'finetune', 'epoch': 10, 'train_loss': 0.4872134285715391, 'train_acc': 0.8170011806375442, 'val_loss': 0.4370124836762746, 'val_acc': 0.8351648351648352}, {'phase': 'finetune', 'epoch': 11, 'train_loss': 0.4768632661621526, 'train_acc': 0.8252656434474617, 'val_loss': 0.3678394292170803, 'val_acc': 0.8626373626373627}, {'phase': 'finetune', 'epoch': 12, 'train_loss': 0.4118152752799808, 'train_acc': 0.8488783943329398, 'val_loss': 0.4381519767145316, 'val_acc': 0.8131868131868132}, {'phase': 'finetune', 'epoch': 13, 'train_loss': 0.405941459649014, 'train_acc': 0.8370720188902007, 'val_loss': 0.5229185707867146, 'val_acc': 0.8076923076923077}, {'phase': 'finetune', 'epoch': 14, 'train_loss': 0.4301023086849249, 'train_acc': 0.8323494687131051, 'val_loss': 0.3619685936719179, 'val_acc': 0.8736263736263736}, {'phase': 'finetune', 'epoch': 15, 'train_loss': 0.38183634686020185, 'train_acc': 0.8677685950413223, 'val_loss': 0.32797125664850074, 'val_acc': 0.8791208791208791}]",0.8677685950413223,0.8791208791208791,0.0001,0.0005,1,1,2,0.8791208791208791,15,12,True,0.0001,0.0
32,0.8571428571428571,0.35310742259025574,15,5,6,0.01,"[{'phase': 'head', 'epoch': 1, 'train_loss': 1.619214238943877, 'train_acc': 0.2361275088547816, 'val_loss': 1.6356623371442158, 'val_acc': 0.27472527472527475}, {'phase': 'head', 'epoch': 2, 'train_loss': 1.5257377138844244, 'train_acc': 0.3246753246753247, 'val_loss': 1.525587220986684, 'val_acc': 0.34615384615384615}, {'phase': 'head', 'epoch': 3, 'train_loss': 1.4739721881018744, 'train_acc': 0.36835891381345925, 'val_loss': 1.3992929458618164, 'val_acc': 0.4725274725274725}, {'phase': 'head', 'epoch': 4, 'train_loss': 1.381974078990795, 'train_acc': 0.42266824085005905, 'val_loss': 1.357130189736684, 'val_acc': 0.5054945054945055}, {'phase': 'head', 'epoch': 5, 'train_loss': 1.3918708827760484, 'train_acc': 0.4179456906729634, 'val_loss': 1.302040954430898, 'val_acc': 0.521978021978022}, {'phase': 'finetune', 'epoch': 1, 'train_loss': 1.2379598374719973, 'train_acc': 0.500590318772137, 'val_loss': 0.9159949421882629, 'val_acc': 0.6813186813186813}, {'phase': 'finetune', 'epoch': 2, 'train_loss': 1.0226900577545166, 'train_acc': 0.6044864226682408, 'val_loss': 0.8743966420491537, 'val_acc': 0.7472527472527473}, {'phase': 'finetune', 'epoch': 3, 'train_loss': 0.8660930814566435, 'train_acc': 0.6599763872491146, 'val_loss': 0.7462291568517685, 'val_acc': 0.7967032967032966}, {'phase': 'finetune', 'epoch': 4, 'train_loss': 0.8328911794556512, 'train_acc': 0.6894923258559622, 'val_loss': 0.7146330376466116, 'val_acc': 0.7527472527472527}, {'phase': 'finetune', 'epoch': 5, 'train_loss': 0.7475365179556387, 'train_acc': 0.693034238488784, 'val_loss': 0.7259914775689443, 'val_acc': 0.7472527472527473}, {'phase': 'finetune', 'epoch': 6, 'train_loss': 0.6518576674991183, 'train_acc': 0.7390791027154664, 'val_loss': 0.7687941491603851, 'val_acc': 0.7912087912087912}, {'phase': 'finetune', 'epoch': 7, 'train_loss': 0.6293061287314804, 'train_acc': 0.7733175914994097, 'val_loss': 0.6407902638117472, 'val_acc': 0.7747252747252747}, {'phase': 'finetune', 'epoch': 8, 'train_loss': 0.6408605111969842, 'train_acc': 0.7662337662337663, 'val_loss': 0.6965755869944891, 'val_acc': 0.7692307692307693}, {'phase': 'finetune', 'epoch': 9, 'train_loss': 0.590821980326264, 'train_acc': 0.7709563164108618, 'val_loss': 0.5544682989517847, 'val_acc': 0.7912087912087912}, {'phase': 'finetune', 'epoch': 10, 'train_loss': 0.5644117086021988, 'train_acc': 0.7804014167650531, 'val_loss': 0.5344648311535517, 'val_acc': 0.8131868131868132}, {'phase': 'finetune', 'epoch': 11, 'train_loss': 0.49605851372083026, 'train_acc': 0.8181818181818182, 'val_loss': 0.5075861712296804, 'val_acc': 0.8021978021978022}, {'phase': 'finetune', 'epoch': 12, 'train_loss': 0.5027550160884857, 'train_acc': 0.8016528925619835, 'val_loss': 0.4237860267361005, 'val_acc': 0.8131868131868132}, {'phase': 'finetune', 'epoch': 13, 'train_loss': 0.4446253920042956, 'train_acc': 0.8347107438016529, 'val_loss': 0.49458171675602597, 'val_acc': 0.7747252747252747}, {'phase': 'finetune', 'epoch': 14, 'train_loss': 0.4207399818632338, 'train_acc': 0.8417945690672963, 'val_loss': 0.4443720107277234, 'val_acc': 0.8571428571428571}, {'phase': 'finetune', 'epoch': 15, 'train_loss': 0.3855552292532391, 'train_acc': 0.8547815820543093, 'val_loss': 0.35310742259025574, 'val_acc': 0.8571428571428571}]",0.8547815820543093,0.8571428571428571,0.0001,0.0005,2,1,2,0.8571428571428571,15,12,True,0.0001,0.0001
32,0.8241758241758241,0.5437908073266348,10,8,6,0.0,"[{'phase': 'head', 'epoch': 1, 'train_loss': 1.6395246673513342, 'train_acc': 0.256198347107438, 'val_loss': 1.616024653116862, 'val_acc': 0.25824175824175827}, {'phase': 'head', 'epoch': 2, 'train_loss': 1.5255450275209215, 'train_acc': 0.35064935064935066, 'val_loss': 1.5214220484097798, 'val_acc': 0.36813186813186816}, {'phase': 'head', 'epoch': 3, 'train_loss': 1.477032016824793, 'train_acc': 0.41086186540731995, 'val_loss': 1.3966806332270305, 'val_acc': 0.38461538461538464}, {'phase': 'head', 'epoch': 4, 'train_loss': 1.3906281215173226, 'train_acc': 0.44037780401416765, 'val_loss': 1.3128639459609985, 'val_acc': 0.5604395604395604}, {'phase': 'head', 'epoch': 5, 'train_loss': 1.3722521331575182, 'train_acc': 0.44391971664698937, 'val_loss': 1.2828626036643982, 'val_acc': 0.5384615384615384}, {'phase': 'head', 'epoch': 6, 'train_loss': 1.3310216886025887, 'train_acc': 0.4923258559622196, 'val_loss': 1.2162877519925435, 'val_acc': 0.5439560439560439}, {'phase': 'head', 'epoch': 7, 'train_loss': 1.2914424516536571, 'train_acc': 0.5159386068476978, 'val_loss': 1.199500302473704, 'val_acc': 0.5604395604395604}, {'phase': 'head', 'epoch': 8, 'train_loss': 1.2839224559289437, 'train_acc': 0.49586776859504134, 'val_loss': 1.158843497435252, 'val_acc': 0.5769230769230769}, {'phase': 'finetune', 'epoch': 1, 'train_loss': 1.1608205415584423, 'train_acc': 0.5289256198347108, 'val_loss': 0.9871984322865804, 'val_acc': 0.6483516483516484}, {'phase': 'finetune', 'epoch': 2, 'train_loss': 0.9789097110430399, 'train_acc': 0.6387249114521841, 'val_loss': 0.8079856634140015, 'val_acc': 0.6923076923076923}, {'phase': 'finetune', 'epoch': 3, 'train_loss': 0.8555988426561709, 'train_acc': 0.6717827626918536, 'val_loss': 0.8230156004428864, 'val_acc': 0.6538461538461539}, {'phase': 'finetune', 'epoch': 4, 'train_loss': 0.7849926518069373, 'train_acc': 0.6977567886658795, 'val_loss': 0.7060186366240183, 'val_acc': 0.7417582417582418}, {'phase': 'finetune', 'epoch': 5, 'train_loss': 0.7216099622072997, 'train_acc': 0.7166469893742621, 'val_loss': 0.7319949070612589, 'val_acc': 0.6978021978021978}, {'phase': 'finetune', 'epoch': 6, 'train_loss': 0.6479602191183302, 'train_acc': 0.7544273907910272, 'val_loss': 0.7595519224802653, 'val_acc': 0.7747252747252747}, {'phase': 'finetune', 'epoch': 7, 'train_loss': 0.6509772638479868, 'train_acc': 0.7473435655253837, 'val_loss': 0.7295941064755121, 'val_acc': 0.7472527472527473}, {'phase': 'finetune', 'epoch': 8, 'train_loss': 0.5890492995580038, 'train_acc': 0.7638724911452184, 'val_loss': 0.6178940981626511, 'val_acc': 0.7802197802197802}, {'phase': 'finetune', 'epoch': 9, 'train_loss': 0.5719739883034317, 'train_acc': 0.7863046044864227, 'val_loss': 0.6804156104723612, 'val_acc': 0.7802197802197802}, {'phase': 'finetune', 'epoch': 10, 'train_loss': 0.4727334435339327, 'train_acc': 0.8288075560802833, 'val_loss': 0.5437908073266348, 'val_acc': 0.8241758241758241}]",0.8288075560802833,0.8241758241758241,0.0001,0.0005,1,2,4,0.8241758241758241,25,12,True,0.0001,0.0001
